pc1,pc2,pc3,pc4
0.257716286,-2.512875544,1.896042804,-1.261329539
-2.40376529,-1.086634865,-0.731078027,0.159305188
-1.710958399,-0.570269624,0.723384414,0.923009194
-0.290045645,-0.92943891,-2.119752631,0.587456655
0.91837039,-0.400892477,-1.103876359,1.337988746
1.274023284,-0.054719984,-1.119862334,1.391959338
-0.007925508,-1.963384098,-2.615429304,0.690917345
0.812333909,1.358236293,0.040009923,1.816584802
0.049327559,0.491663769,0.714843011,1.871149309
-2.141924906,1.18116016,0.240871781,1.156727728
0.30179727,1.411784155,0.603396752,1.716639785
-1.343687058,-0.680054029,-1.57614906,0.370571517
-2.651126858,-1.719983179,-0.186000549,-1.349299381
-2.393528251,-0.599340562,-0.346953889,0.851935274
0.239998373,-0.267672354,-0.9702557,0.922811945
-2.479328419,-1.953293343,0.714471915,0.220850501
-1.869592435,-1.392085805,-0.310272333,0.163146435
-0.904880439,-0.742025878,-0.611823399,1.215452813
-2.282859812,-1.71626831,-0.369527252,0.79907339
-1.745018981,0.08573041,-1.295509942,0.969528879
-1.612248876,-0.503369393,-0.64897038,1.312588543
-2.791970805,-0.422782796,-0.942634523,1.362560216
-2.615285622,0.017673103,-0.758652793,1.102729422
-2.843659728,-0.155389781,-1.317156984,1.265958982
-2.193949926,0.299069908,-0.473805139,1.163637851
-2.65482118,-0.3028914,-0.872098984,1.172487113
-3.621993022,0.031522191,-0.607455474,0.634355958
-2.285186252,-0.39736216,-0.991946646,0.778397949
-3.731145535,-1.003532616,-1.332717785,0.799198256
-4.710309993,-0.183018559,-0.898942158,0.802439644
-1.446643883,-0.70919925,-1.535772387,0.277752002
-0.844118678,-0.620980866,-1.084094847,0.402330303
-2.876261228,-0.947468365,-1.051803239,0.267701248
-2.419984044,-1.257315593,-1.934816845,0.857504663
-3.232391049,0.321390635,-0.516817117,2.453225714
-1.029116254,0.028091792,0.557086113,2.350543373
-1.541052729,0.140105803,-0.658405997,2.452742399
-0.069644661,-0.697898942,0.478195957,1.059822
-0.94365066,-0.97633397,0.195118004,1.228359834
-1.528515921,-0.347591164,0.581725723,1.29107964
-1.743835225,-0.405447591,0.303591113,1.484479358
-2.255698869,-0.483368147,-0.240937753,1.978962269
-3.219256727,-0.68387107,0.099905425,1.546617648
-2.666667321,-0.253431778,0.456182763,1.405180831
-2.435764597,-0.050808772,0.723251854,0.271887728
-1.642747539,-0.371434844,-0.173400795,1.48946859
-2.60400313,-0.067016581,0.897302113,0.800918057
-2.61873663,0.11185448,-0.159486263,0.877829942
-2.530236127,0.164681433,0.113198625,0.609010037
-4.700457128,-0.145236682,1.495395673,1.667154969
-1.19510401,0.357550084,0.635951142,0.850422393
-3.340346789,0.492594102,-1.309929596,1.224126687
-3.290571059,-0.534855247,2.216407325,0.826774242
0.542311029,-0.027665728,-1.113370479,1.770323458
-2.953452612,-1.224652161,-0.965532389,0.904853191
-4.615821149,-0.337512617,-2.010582646,1.507772724
-1.787385526,-0.467276175,0.429808319,0.941240354
1.435188475,-0.953092204,-1.992178605,0.674841055
-0.482764494,-0.393143143,-1.693311748,2.294626106
-1.77267806,0.383511874,-2.177029955,0.673009113
0.991028419,0.102460933,-0.443158634,1.157046907
1.189238841,-0.354146126,-0.901148364,1.051907118
-0.292307139,-1.118674326,-2.471677678,1.009538709
-2.077393138,-1.159296605,-0.651634882,1.295314764
1.984771404,-0.95961233,-2.851331022,0.366552199
-1.706993055,-0.242094421,-1.852869295,0.635177307
-0.760557507,-0.919753826,-3.090387939,0.335601601
-2.515992494,0.064345856,-1.23737787,1.603163787
0.559569363,0.029205054,-2.32476601,0.497998484
-1.015761797,-0.698966625,-2.185748948,0.241142641
0.846459225,-0.156233475,-3.315483665,0.184717094
-0.232069848,0.153188023,-2.873221106,0.263084623
-0.563177246,0.302336231,-2.16647387,1.623694026
0.385636202,-0.656046989,-1.964199034,1.835364965
0.284571415,-1.183291624,-1.738577874,1.687016988
0.032893951,-0.359049737,-1.501812741,0.483396124
-3.580221082,-0.446656062,-0.592725289,1.197395334
-0.429952884,-0.677546709,-1.494417148,1.3174088
-1.837893185,-1.630818095,-1.068235899,0.977451356
-2.613784952,-1.034542427,-1.485485887,0.557404596
-3.34391967,-0.974568653,-2.033780077,0.639027745
-0.089789484,-0.418491484,-1.639664225,0.334159631
-0.533122942,0.871786681,-1.825506079,-0.107118339
-0.410521058,0.842220667,-2.088988601,-0.105513944
-0.019148181,0.769736622,-2.129964438,-0.094947487
-1.825002948,0.266037292,-2.878176815,1.511582281
-2.828494748,-0.867021729,-1.81550878,0.081775252
2.164694266,-0.581004096,-1.967529067,0.603675156
-2.959751454,-0.801543657,-2.62036507,0.239476727
-0.811381045,-0.35175132,-2.73060006,0.468780703
1.104700076,-0.839370441,-1.441309283,1.190871146
0.36010001,-1.19884004,-0.965202859,-0.144409282
0.690311707,0.272415876,-2.424439304,0.218506035
-1.174751193,0.136034128,0.371984295,1.150830578
2.365956605,-0.602290711,-1.289727626,1.461559245
-0.684258963,-1.271567627,-0.54875187,0.525436748
0.063471836,0.464452244,-1.290646838,0.40115574
-0.677127223,-0.847242617,-1.501022907,0.055542813
-1.607947717,-0.031929346,-1.244230959,0.676776602
1.168728245,-0.138373851,-2.218014961,1.300592812
0.703761214,-1.293014041,-2.926128785,2.057778875
-4.048971113,-0.178961771,-1.987977392,1.178735956
0.115123708,-0.651671588,-2.278180034,0.715506477
-1.720754123,0.114248531,-2.213362026,1.376059205
-0.762628257,-2.316039051,-3.417369838,1.153675676
1.691207667,-1.204273116,-2.160015502,-0.475050108
-0.352118001,-1.233556085,-1.501007448,0.690887621
0.49761174,-0.837666952,-0.338261302,2.19367278
-1.381006966,-0.001987038,-1.443342126,1.413402222
0.492000371,-1.245239219,-1.641056685,0.833218399
-1.265192691,-0.871762922,-1.080791546,1.061660251
-0.10500055,-0.484413395,-0.541670544,1.305253243
-1.645022158,0.210715767,-2.001528878,1.812882218
-0.439766049,0.267619566,-2.291320481,1.901634765
0.411254489,-1.447877277,-2.485903075,1.265376135
-1.458924433,-0.50422166,-1.715157601,0.675746211
-5.459030704,-1.642951441,0.171116821,0.793304832
-5.694311786,0.347025843,-0.057372748,1.157536386
-7.507331672,-0.075886539,-0.058091393,0.616732016
-6.116959756,0.339514542,-0.797030385,0.018240152
-4.081806742,0.310811829,-1.349417913,1.974778124
-7.33036427,-0.468255921,-2.224618923,0.979246446
-7.005237712,-0.540244864,-0.643568547,0.877517557
-6.831168406,0.896569627,-1.409376969,1.335122598
-5.139101053,0.552826702,-0.425018413,1.035625943
-3.474720219,1.246880693,-3.086413741,0.415102112
-4.506842047,1.027997358,-1.5581124,1.183570094
-5.611681051,-0.261029308,-1.43435419,0.430880398
-7.337700064,0.509422386,-1.764653362,0.485749051
-3.324355545,-0.02982624,-2.296654123,0.420996764
-7.7840681,0.573516994,-1.558265366,-0.023558722
-6.317330198,0.569234593,-0.335387605,0.151799096
-5.603891988,0.296712096,-0.750502282,1.076842266
-4.867898489,0.04641441,-0.71342897,1.242339119
-7.979125457,0.189043197,-0.841198407,-0.39907666
-5.778347342,-1.403647985,-1.478146481,0.243133998
-3.738398474,-0.818658116,0.493625863,-0.159939749
-5.646773041,-0.163146141,-1.458645029,0.207289153
-5.535026713,-0.274468802,-0.990921668,-0.310226572
-6.494398896,-0.270008521,-1.119068409,0.113513347
-7.307429,-0.193261375,-0.401310147,1.203744713
-7.317832259,-0.236655913,-1.07555949,0.683013052
-4.922821236,-0.330045562,-2.55992187,0.19263504
-5.134260509,-0.459755373,-1.850167134,1.230261062
-2.873991522,-0.583660552,-1.23410256,1.151501084
-7.159153478,0.045530187,-1.33265998,1.897078486
-6.565265801,-0.10391179,-1.703377489,0.034827493
-4.113137792,-0.189534378,-1.924506739,0.030060295
-5.503113658,-0.017721315,-1.486125465,0.24498022
-4.345158452,-1.3711921,-0.508530649,0.435125188
-7.20089412,-0.707532946,-1.498736938,0.408598816
-7.047193235,-0.776794882,-1.448248513,0.217757246
-3.150578322,-0.915056988,-2.529455884,0.171149606
-3.41322959,-0.882898465,-2.103623589,0.376340963
-2.714447695,-0.769460209,-2.763199054,0.513884463
-8.143418735,-1.160307671,-0.426894516,1.839473288
-6.723333959,-0.00744142,-1.211942415,-0.217719464
-7.153442549,-1.368709771,-0.41883578,1.529194842
-5.155817157,-0.462913374,-0.114488479,0.576206511
-6.842823266,-0.450293441,-1.46295674,1.132236615
-6.558699529,-0.576258512,-0.369912879,-0.270663988
-7.087806553,-0.458632589,-1.401506365,0.935853406
-6.056560431,-0.785343347,-0.580097237,0.186925056
-7.642964917,-1.443276019,-1.548961768,0.702095474
-3.853710931,-0.662674676,-1.272637571,0.866598997
-3.616656989,-0.512839004,-0.344258491,-0.31321976
-6.554665971,-1.378571951,-1.258653215,-0.300339735
-3.405177304,-1.749574096,-1.291879211,0.928031547
-2.764009319,-1.151003087,-1.688203226,0.487119535
-4.720338786,-1.566184761,-0.982181339,-0.333823054
-7.256776474,-1.182728476,-0.953199866,1.629414094
-5.908215693,-1.65990739,-0.601167737,0.587828343
-3.810770947,-1.105494401,-0.604137801,0.64271106
-7.607231083,0.6259842,-1.32582043,0.831768879
-6.350281466,1.838998902,-1.807480833,0.403709547
-8.122075044,-0.527455427,-0.814735633,0.002689489
-7.600262448,-0.007793275,-0.426934114,1.353485417
-9.422386061,1.184538012,-2.731420943,-0.520648326
-8.573901302,-0.634326836,-0.596536981,-0.466976912
-9.735658714,1.555311814,-1.215669431,-1.033265864
-8.325762818,1.834483953,-0.421640501,-0.977013559
-7.56939124,0.408947601,-2.01455343,1.204363678
-8.561812542,0.574566145,-2.347138043,0.038071802
-6.888626638,1.445499632,-1.945580855,0.577452315
-7.868010437,1.439414075,-1.744311845,1.487503049
-8.244599794,1.988718755,-1.324681207,0.571005878
-6.177699589,-0.167574211,-1.832926141,0.999018671
-4.117819472,0.240508943,-1.925627358,0.447179165
-3.938614665,0.823003894,-2.363370128,0.421374581
-3.318649001,0.329795374,-1.538260145,0.214382659
-6.110880192,-0.040253027,-0.580887058,-0.056342481
-4.477075353,0.243824889,-1.95251239,0.009237523
-6.01257386,0.283307081,-2.522486444,0.523633615
-4.240028031,-0.051869049,-2.153331143,0.864003378
-5.325308759,-1.169812326,-2.485717282,0.627191639
-5.047914877,-0.607374104,-1.487246527,0.814250581
-5.393777833,0.7626066,-1.229387731,1.605311336
-6.856649072,0.241820079,-1.911018613,0.974738984
-6.506089963,0.165973334,-1.802529456,0.470977256
-5.554649194,0.239785803,-1.738738179,1.0366862
-4.996905893,-0.310075354,-0.454718222,1.132533017
-5.190509228,-1.214412649,0.35935908,0.895368046
-2.800830859,-1.025168798,-1.450134797,0.899519367
-4.439210651,-0.211647073,-1.742600386,1.22002257
-5.010652519,-0.030486644,-2.523854885,1.031431887
-3.386691811,0.65564349,-1.508023495,1.305184913
-3.488500649,0.50151701,-1.798293226,0.858333479
-4.680337782,0.045778043,-1.370481967,0.463305547
-5.86427885,-1.036519849,-0.765516643,-0.041708014
-3.866959348,-0.037335631,-1.003298335,-0.101347409
-1.560568728,0.371195855,-2.359079168,0.743662685
-5.681051628,0.572497441,-0.286693558,0.097671722
-5.538857301,-0.293350117,-0.875751549,0.437908196
-5.35703931,0.390082115,-0.7777183,-0.039499698
-5.940444801,-0.530253947,-0.672200188,0.845330369
-3.927093799,-0.153473995,-0.758473942,-0.16688305
-4.33195106,-0.329027398,-0.589261752,-0.110281645
-3.553562127,0.117882255,-0.625690973,-0.194203767
-5.742183218,-0.050039144,-0.495923542,0.165629929
-4.958474268,-0.227971775,-0.953238988,0.555918249
-5.094815425,-0.21104245,-1.597222054,0.245250824
-5.583312328,-0.362993395,-1.143801387,0.186853845
-5.47756881,1.106613614,-1.045401055,1.117928444
-4.224219131,0.138995164,0.118598043,1.582531837
-6.631172805,1.033430771,-1.174374436,1.829387238
-4.238293794,0.87510873,-0.358100538,1.272253577
-5.349690517,0.187055028,-0.531992128,1.491492302
-3.752143972,-0.928633685,-2.977912242,0.497014401
-4.536321447,-1.108920591,-1.638068821,0.832817201
-2.529925406,0.100230322,-0.544772339,0.670764593
-6.494692414,-0.038584461,-1.015354169,1.718704114
-4.347654616,-0.270582781,-0.181801553,1.037891721
-2.979701999,0.600219954,-1.553215455,1.877707252
-6.508054793,0.407684256,0.062125691,1.372630889
-6.489608767,0.281558055,-0.115751854,1.122680175
-2.722494098,0.870330608,-1.29522052,1.589244101
-6.612750313,-0.511157896,-1.489651209,0.694177688
-5.576523037,1.009458262,-1.317439449,0.847864287
-6.757984734,-0.293124004,-0.672419279,0.87770524
-5.958480692,-0.485364734,-0.349326578,0.853933882
-6.552421664,-1.084943599,-1.050901795,0.820156282
-5.901547238,-0.03140786,-1.440144157,0.622686796
-3.850234179,-0.03663986,1.24260884,0.668300525
-4.12116074,-0.629450763,-1.825823199,1.323787632
-3.486558371,-1.15089299,-1.02044149,1.004270329
-5.042992674,-0.10360421,-0.358248525,0.664287391
-6.165884826,0.147776223,-0.949209992,0.96805663
-1.785119619,-0.472143123,-1.967481766,-0.032908551
-4.267973548,-0.850373837,-2.750325078,1.387048756
-2.875558194,-0.167977413,-2.146025278,1.228154373
-0.601078317,-0.154364448,-1.626365383,1.926547183
-3.485310463,0.590875031,-1.752830966,1.541818443
-5.238222954,-0.735968863,-1.09115237,0.339068198
-2.880340125,-0.063214816,-3.309068755,1.126336626
-5.929920426,-0.259432444,-2.421068827,1.159589018
0.187521106,0.214554776,0.542682571,-0.650649593
0.908364702,-0.520875166,1.049462715,-0.694519306
-0.506314227,-0.567063411,0.492736552,-0.74865116
-0.663189373,-0.568027277,0.555427654,-0.481867133
-0.368126201,-1.138390231,0.020523388,-0.991206675
-0.599241759,-0.084538513,0.516052384,-1.358375848
-1.474738079,0.01781417,-0.237660217,-0.767774069
-0.490437765,0.206715953,0.583811785,-1.483681002
-2.510057461,0.357998635,-0.729247497,-1.040320825
-0.703527729,0.269809877,0.544356069,-0.124336979
-3.126667761,0.306094803,-0.100236903,-1.407407616
-0.960862994,-0.60282364,0.13432192,-1.008440114
-2.3524763,-0.217938513,-0.189913944,-0.445972862
-0.825941772,0.427808836,0.387375888,-1.12684137
-1.848102953,-0.041599903,-0.010920032,-0.62224639
-2.177877179,-0.329435698,-0.370192052,-0.728548682
-2.361192633,-0.406384428,0.278625109,-0.88902214
-0.349081424,-0.294142655,-0.576712425,-1.001976262
-0.854120089,0.576778608,-1.438332284,-1.674355585
-3.993514827,1.381322733,0.810334704,0.842152519
1.730410851,0.165090631,-0.387910604,1.155023663
1.430036859,1.917309022,-0.263932321,0.666444717
-1.588352493,-1.064254707,-1.815267549,-0.031060992
-2.569146397,0.635764566,-2.966613786,1.281203332
-1.70622496,0.482353908,-0.487629642,0.226856322
1.664183107,0.911197207,-0.873487213,0.754584969
1.634199105,1.308757212,-1.209229309,-0.842729857
0.29803346,1.572298006,0.24844508,1.586005365
0.385083663,1.354040319,-0.102204378,1.639794694
0.088137204,1.096146522,0.1372366,-0.003134469
-1.98993867,1.798443676,0.376505976,-0.191929135
-2.956670193,0.289013495,-2.057570672,0.362220566
0.752626188,1.630992268,-1.205544726,2.467958144
1.201450416,1.236863248,0.409960038,-0.14438071
-5.623541622,-1.354322071,-0.604433573,-0.34139326
-3.855426552,0.37716009,0.823231984,-0.555785875
-5.453092783,0.511143817,0.745716265,-0.473123716
-4.507520913,0.135128697,1.344676754,-0.264929329
-4.619482027,-0.472923266,-1.07519016,-0.96037241
-3.542058483,-0.976955489,-0.390334228,-1.36681677
-5.025753898,-0.390212659,-0.355211314,-0.687793892
-1.740722345,0.590761156,-0.715472886,0.113929777
-6.903499925,1.102333824,-0.86681333,-0.800571951
-5.911005607,0.827553345,-0.825705232,-0.331058203
-4.671265236,-0.495698506,0.438427704,-1.006883304
-2.747789807,-0.000266063,0.861897125,-1.028538445
-6.272892839,-2.384231175,1.290517525,-1.43526376
-1.433125213,-0.594504769,-0.131069968,-0.539621249
-2.682481837,-1.153197815,-0.010457411,-0.156551673
-2.842224384,0.240044679,1.167575459,-0.13183386
-2.396716662,-0.811066551,2.558593329,-0.442690266
-2.003213168,-0.813101604,2.231239478,0.099985669
-2.69724336,-0.888794844,0.034945328,-0.899160146
-0.984392481,0.215167032,-1.234100339,-1.156654396
-2.974320744,-0.199973417,1.612268814,0.231337832
-0.118513574,-0.773538486,-2.342206154,0.421475038
-4.27659516,-2.343365506,0.508186097,-0.881008974
-0.08717473,-1.005029349,0.464240692,0.255467622
-1.619788498,-1.766672255,1.332405077,1.1590518
-4.065387344,-1.539459995,-1.097450289,0.292791515
-3.548548348,-0.542430165,2.359773398,-0.098687929
1.282530609,-0.052478523,-0.780025272,-1.131751032
-2.954832377,0.167874934,0.957925072,-1.029560647
-5.571130599,-1.26601799,0.778389884,0.150994654
-3.879649595,-0.545163855,-2.542000592,-0.031606675
1.548317993,-0.404620484,-1.54922391,-0.533825649
-2.011671543,0.082214991,-0.227533543,-0.64803835
-1.549391671,-1.054417229,-1.28764074,-0.645153994
-1.705909605,-0.051200159,0.621911132,0.083245234
-1.899661361,0.912797231,0.659846589,-0.903100165
-1.863248052,0.27992649,-1.088174125,0.724870157
-0.676362679,-0.168540974,-0.384607202,-0.829427585
-2.081931281,0.316653976,1.09818602,-1.359114152
-1.942532765,-1.694756089,-0.67934407,-0.673652548
-1.780662501,-0.410324108,1.318954202,-0.046417559
-3.62032893,-1.940313693,1.710214721,0.081104746
-1.280708345,-1.758065812,-0.722981005,0.337789759
-2.288664557,-1.47356221,-0.536406108,-0.637618995
-1.048276305,0.29262417,-0.130370706,-1.645583819
0.663802852,-1.157114399,0.79036211,-1.493935736
-4.353494181,-0.24205724,0.167928512,0.837293891
-2.745857495,-0.023397335,-0.602577569,-0.096638913
-1.161910787,1.014964529,-0.671466448,-1.054701443
0.444367895,-2.016108953,0.406142874,-1.110477697
-3.245203546,0.276634951,2.134145348,0.183953197
-5.490633057,0.254152263,-0.184678564,1.267691982
-6.258633039,-0.189625223,0.388613985,0.506163885
-6.990982881,-0.491261748,1.921827721,0.787415024
-2.26337154,1.257866886,-0.053393542,0.46163201
-5.525238332,-0.431285741,0.581391141,-0.237529175
-3.03181144,0.845853323,2.297932467,0.511885578
-4.073393994,2.553804741,1.255098015,1.232321822
-5.708037337,0.375740038,1.706169394,0.031404083
-2.432494894,-0.882629047,-2.305185869,0.103013517
-1.425445367,-0.763141899,-2.158245237,-0.037444998
-1.035780387,-1.047462354,-2.460051865,-0.312126796
-4.638668483,-0.001392542,0.504391812,0.177119056
-0.730504687,-0.957146519,0.244401776,-1.537323963
1.141165148,0.282499041,0.860161043,-0.845159515
2.225687818,0.236715787,-1.902668243,-0.181184452
0.971649997,0.49350551,1.404831094,1.070209149
-0.103255427,1.26705753,-0.930421645,0.361508945
-2.832714622,-0.0390052,-4.020432967,0.140189323
-1.05751651,1.78609217,-2.201703999,0.119993614
-0.803121865,0.408108279,-2.886172635,0.326839562
2.203520649,1.064221814,1.163026084,-1.024709749
0.366709154,0.896864353,0.572631238,0.869963924
-1.132547282,0.780011204,-0.406511429,0.784724728
1.53556949,0.002556446,-1.71306445,-1.401339499
-2.3942586,-0.05827771,-2.013252257,-0.833111978
1.260043008,0.724899647,-2.407067788,-0.531896857
1.15538832,0.88746682,-2.459724455,-0.61280518
0.213845828,0.171372002,-2.157683698,-1.462185182
-1.151695171,0.199378369,-0.867414474,-0.877172781
1.982199939,-0.156112102,0.320074658,-1.101975586
-1.731313716,2.128957163,-2.005923032,-1.933256636
-2.938466496,1.54517084,-2.227633983,-1.862365799
-0.760067002,0.520076258,-1.453678663,-0.396849427
0.364015878,2.214043049,-0.706668654,0.475461964
0.070062468,1.966043188,-0.588833199,0.540124919
0.082813847,1.898981212,-0.478146404,1.192151228
-0.183162068,0.328059964,-1.196756262,-0.634009179
1.968884665,0.214144228,-0.974226829,0.088402222
1.883893422,0.759180111,-0.556794788,-0.16265123
0.029610296,0.01341849,-1.334847081,-0.337413451
2.802933935,0.479356404,-1.213626418,-0.833995216
1.757179565,-0.265530745,-1.614850031,-1.415945681
1.362165953,0.737204343,-1.624974136,0.175852996
0.28462681,0.421458436,-2.395327222,0.731601155
2.051122095,0.381495155,-1.180188014,0.23349567
0.869966743,0.58562702,-2.20401219,-0.554005969
0.990462576,0.856349469,-1.674669115,-1.039225412
-2.153773478,0.590503159,-1.051329858,-0.084356206
0.158608316,0.255025241,-1.166327349,-0.41584752
-2.389412528,0.502424191,-2.13181584,-0.631019322
1.236065265,1.423558953,-0.573944617,0.059872414
2.079510862,0.66160902,-0.879969648,-0.518965364
-1.671338475,0.563445524,-1.212152355,-1.164631085
2.231522953,0.420040543,-2.27890175,-0.988135613
0.526244202,0.145193093,-0.924771136,-1.16268718
0.159920371,1.672540275,-0.515616142,-0.456738738
-1.463419671,0.797898268,-0.294668991,-0.089892367
-1.09839719,1.199208116,-2.222033709,0.512352187
-1.029320332,1.489663477,-2.656812725,0.208857956
1.417981039,1.171662096,-3.11624721,-0.002223697
-1.9081958,0.216464565,-1.189551467,0.196673468
0.784282493,-0.446962385,-0.878877269,-0.632973597
-2.34639694,0.367140392,-1.946852752,-0.110610016
-3.018409748,1.906345991,-2.02383692,0.412252652
2.339642336,0.454068353,-1.492253066,-0.205077475
-0.316164125,0.753850168,-0.893458191,-0.676897096
0.364721428,0.564657479,-1.072699583,-1.536899869
-1.064614346,0.51468258,-1.734166096,-0.411544068
-0.073569032,0.792854762,-1.880701555,0.366293876
-1.257438506,1.3479193,-2.389156156,-0.686457367
-1.252650488,-1.179062276,-2.298531951,-0.734510856
1.486276704,0.646768024,-1.172129699,-0.107331288
1.558131971,0.688781787,-1.108236717,0.13986125
0.345748717,-0.127583546,-0.62980225,-1.551894509
-0.234872017,-0.609636828,-0.962762401,-1.402957803
-4.697627075,0.727602515,-0.879361602,1.019526655
2.679148323,0.654893096,-2.079745529,-1.348085001
2.82475153,0.626466816,-2.501148083,-1.69437641
0.029293119,-0.055355346,-0.374661122,-0.795003804
-0.267066147,-0.236279611,-0.373055349,-0.608249872
-0.651997099,-0.440219177,0.016063694,-0.793263338
0.057245113,-0.184065933,-1.135118757,-0.877052284
-0.470342727,-0.256466443,-1.152143772,-0.490004554
2.115974487,0.308100382,-0.550711961,-1.098226283
3.122098391,1.323385773,0.429260625,-1.158176019
1.476981199,2.361274099,-1.567473731,-1.093174773
-0.505770428,1.712055006,-0.334140696,-0.259130291
-0.340960741,-0.814734736,-2.981238067,-0.843866836
2.015542575,2.199019865,-3.005750789,-2.750342158
1.658121423,0.265095139,-1.827875347,-1.032897715
-0.891126472,-0.138000717,-0.035173081,0.471069234
-1.155062675,0.6152324,-1.114038736,0.668180602
-2.608606383,0.939714297,-1.701202866,-0.080722881
-0.79518056,0.892899784,-0.084684012,0.37577874
3.885396131,0.923570275,-1.424103231,0.013328611
-0.649699782,1.070039716,-1.923185292,-0.204655014
0.224761251,-0.458936078,-1.229057698,-1.666016339
2.716209399,2.797906225,0.207184196,-0.724341053
-1.85270442,0.150771094,-0.237631183,-0.558111516
0.232036464,1.015331787,-2.980966849,-1.734944362
-2.875214557,0.271106606,-1.527324436,-0.151236214
0.605118534,1.066826827,-2.339629751,-0.630530771
1.145553727,2.017173947,-1.893097458,-0.565495113
3.09259549,0.936424344,-0.365838042,0.273157758
-4.742512753,-0.639243186,-2.643551832,-1.11833756
-6.355200795,0.471954288,-2.214948957,-0.729751612
-6.675423143,0.488210986,-2.237557151,-0.966071737
-5.877757618,0.460360752,-2.544693445,-1.028237925
-5.751838697,0.381746478,-2.472379169,-0.991986192
-3.880634036,-0.506445139,-3.258862093,-0.564770954
-1.673374095,0.133180614,-1.773419588,-1.77224322
-2.276754568,1.24733152,-2.248729678,0.016491654
1.719898362,0.287037156,0.216813301,0.036535713
0.255180536,-0.559289252,-2.986327549,-0.272864459
-2.681728253,1.81042019,-0.524779182,0.122416551
-4.261069291,0.93629908,-0.533902222,-1.014872911
-0.238703676,0.750739325,-0.82758566,0.852453212
0.544306906,1.131050836,0.026706597,-0.212501072
0.29016507,1.785036208,-1.221474439,-1.179880919
-0.892557016,2.260670467,-0.286338231,0.453189642
-0.415552112,1.55075547,-0.337674509,-0.009222242
-2.938822998,0.388480737,-1.312476241,-0.106719312
0.400985043,1.244444301,-0.465511692,0.395817435
2.392848057,1.208362994,-1.733944922,-0.517592138
2.254614256,1.762056875,-1.744628739,0.020650387
0.504954862,1.167337669,-1.545955322,0.357749346
-0.508943576,2.003843104,-1.130474982,-0.224222163
0.432919455,2.744541099,-1.390871988,-0.083710649
-0.238098783,1.905264584,-0.716576597,0.650117849
-0.705265191,2.117263907,-0.547553529,0.650187579
-1.760468976,1.664467653,-1.656504881,0.28040818
-0.395490632,1.446795782,-0.700942756,0.483358508
-2.302368155,1.389356384,-0.372210702,-0.028838979
-4.930161146,1.244021324,-0.996605621,0.123367934
-3.321774033,1.438336975,-0.399265791,-0.065357599
1.340962928,2.309955592,-1.146985326,0.040384346
-0.195331585,1.098614257,0.218786764,-0.679170496
2.976448728,-0.365592924,0.292048503,-1.291237583
2.850544639,-0.584458513,0.100266676,-1.036751215
3.493244668,0.027389998,-0.419184008,-0.645661046
5.551756275,0.029923435,-0.014707046,-1.437674188
4.847270202,0.556872667,0.093705864,-0.495796947
3.881150202,-0.737393815,-0.151295911,-0.640224734
4.801450175,-1.075074211,0.476561086,0.076951144
3.982640495,0.190935689,-0.454558343,-0.459658928
1.385788465,0.658255009,0.524428194,-1.399168087
1.351842158,1.848782339,0.443061721,-0.524865955
2.40439561,0.435621661,0.21976197,-0.063796686
2.397642589,0.578975143,-0.197384066,0.745336311
1.491779851,-0.582355145,-0.749469195,-0.925441421
1.954952374,0.632927059,-0.781743107,-1.208784592
0.064713262,-0.398785704,1.438196584,-2.123560306
1.739254855,-0.164412505,1.343848796,-0.268336797
-2.806666269,-0.731766598,-2.051427792,0.51181325
3.66335786,1.264799958,-0.636219871,0.291066256
3.101867748,0.325220017,-0.66693509,0.65655567
-6.264852465,2.84772106,0.016970873,-0.161197751
-7.239069891,1.281428286,0.835388931,0.650493498
-4.472396762,3.068128311,2.008333607,0.053063064
-2.955858365,2.027349344,1.37905349,1.59468616
-5.891491747,1.007228249,0.905179306,1.105240752
-5.899312854,0.606375513,1.669483948,0.915684178
-3.658688993,2.136860443,0.266197638,1.413196232
-6.306886646,1.964405824,2.98869569,0.708451102
-3.959983353,3.061037,-0.523672448,0.95233327
-3.659752497,0.30351133,0.644285832,1.667675325
-4.76956832,1.10778607,1.382288783,1.723436456
-5.504154588,2.18177271,1.743830188,1.876306141
-0.590487403,2.354030304,1.222287805,2.337671077
-3.970394783,1.975712528,0.761000452,1.409167514
-5.594978353,1.470354481,1.18367028,1.331310354
-4.51936605,2.081103824,0.412656684,0.450379245
-5.057943836,0.471155458,3.104589564,0.401436595
-4.383965442,2.455314739,2.273929704,-0.233147118
-5.563797148,1.286571107,2.736065117,1.295925285
-7.126226175,0.611351571,2.214024913,-0.157317232
-3.874901878,2.339370127,0.893149583,1.326619171
-1.794359415,1.675786177,1.627226927,1.977972705
0.016196922,1.639709966,0.03060094,0.777625037
-2.381743675,1.255793491,0.733298589,1.337484017
-4.575833218,0.52969856,2.674735621,2.014053484
-3.07169644,1.986367871,0.564913676,0.329790189
-6.057051296,1.017076972,-0.555447857,1.779012936
-2.95845079,-1.916302135,0.060116785,-0.274917073
-2.223880867,-1.841382151,1.45174888,-0.264017485
-1.483742199,-2.923898486,0.538903917,0.509320914
-0.597872181,-0.77864745,-1.509597306,0.04187426
-3.482605468,-0.225061576,0.433812966,0.554591896
-5.132180421,0.267276929,-0.229702089,0.32087537
-4.75289668,-0.728165668,-0.979829098,0.307119953
-7.441230187,0.501969578,-1.92275564,2.114786884
-7.879826156,0.558248297,-2.030575622,2.350541429
-9.038844101,2.557454078,0.080253319,-0.810266064
-5.865108698,-0.425134691,0.128800222,-0.632864272
-5.515385374,-1.257644145,0.260188323,-1.206164778
-6.433805922,-0.554404389,0.079085319,-1.753336856
-6.334810097,-1.762554665,-0.583093887,-1.390501396
-5.451053109,-0.998282529,0.796201492,-1.058953176
-4.211076499,-1.66421377,1.977148541,-1.185766774
-1.179226206,1.781360477,2.495862753,-0.197967693
-10.11959376,0.719206465,0.831198683,-1.995186225
-10.55794533,0.922781591,1.432737451,-2.655890566
-8.912069348,0.914977033,0.530813,-1.957742828
-5.357201614,0.90769987,0.607374913,-0.929881767
-9.487517084,0.602004778,0.881815401,-2.109227517
-7.938123263,1.411263578,2.509903804,-0.660690304
-7.084880056,1.360808007,2.458256861,-2.004157516
-9.58053943,0.866925782,2.143199356,-1.777498976
-8.577037549,1.532448903,2.644265788,-1.906585656
-6.490643289,0.661832198,1.664515087,-1.717363819
-4.434913818,1.033963898,2.150172322,-1.630409477
-6.575960892,1.758521732,1.985157102,-1.524842999
-7.360386706,0.373256614,1.827666931,-1.180291216
-6.884069979,1.255477817,1.257294331,-1.755934915
-8.984400818,1.04219366,1.004351633,-1.620719583
-8.959559865,0.604106108,0.719267392,-1.187666479
-8.619168003,0.707033645,1.039816508,-0.958311906
-9.485675956,0.091610608,2.055990853,-1.149919451
-8.029772074,1.675496654,2.804204148,-1.662222292
-8.342866477,0.842587608,1.486691539,-1.84020922
-4.705023229,1.257058257,1.546203114,-1.432289455
-5.505579851,1.368261093,1.524917674,-1.79059114
-8.322511669,0.794699518,1.185259916,-1.42587266
-7.57027783,0.239136054,0.376372873,-1.228441486
-7.942419629,1.290829907,0.900222816,-1.636641576
-5.793104779,1.167685928,1.248726942,-1.616886109
-6.25063502,0.792177978,1.167286298,-1.751543896
-8.369473072,0.389467134,1.532004464,-1.551656378
-6.120361113,0.73679034,1.232453405,-1.25497978
-6.558777816,1.523431046,2.610458252,-1.599618251
-6.808275662,2.021192753,2.0315998,-1.196450529
-6.536037114,1.755961067,1.38842776,-1.297645231
-6.436391117,1.527617363,1.354088462,-1.253115588
-6.412588557,1.631618551,1.792400538,-1.381044013
-6.332718797,1.638525157,1.661664239,-1.415394787
-7.370675408,0.876625702,0.674299364,-1.774155159
-8.494438617,0.979724235,0.496773724,-1.384070254
-7.608046652,0.763542067,0.419546928,-1.73325432
-6.992259184,-0.422422459,0.250269366,-1.311957105
-7.759604027,0.548369026,0.508858942,0.27389409
-7.738665513,0.256853122,0.515956531,0.417860312
-9.19825611,0.552602338,0.10323035,-1.260047078
-7.356090884,0.712808099,1.099416751,-0.319510126
-6.746319843,0.968559331,0.215033763,-0.375957026
-9.303738467,1.20917139,0.803046771,-1.271021255
-7.201103515,0.627827432,0.555492849,-0.620436006
-7.303265828,1.119436473,1.171569609,-1.326954295
-7.761494682,1.012204945,0.146167003,-0.157042244
-8.186048727,0.881904699,0.517083178,0.546834801
-9.885032429,1.330925695,1.282711558,0.333723813
-7.341912227,0.516101929,0.834723858,-1.100157878
-7.057811607,0.01667517,1.720663892,-1.428773484
-9.754835616,0.745581843,0.927087019,-0.831678653
-8.572957654,0.808888601,-0.324499496,-0.896846716
-10.99527312,1.307557113,2.700715303,0.024385555
-8.975147787,0.892372604,0.760556217,-1.621663158
-9.938535037,1.128895101,1.280769484,-0.725843653
-9.445075332,0.960356828,0.159273904,-0.777480581
-8.659371126,1.116870235,-0.593500945,-0.883362932
-6.086160285,0.313898583,0.842808161,-0.504030897
-7.029264818,-0.309588344,0.9640624,-1.935837919
-7.493248046,-0.246012981,1.168978104,-1.26379632
-7.087242395,0.630513027,2.112176513,-1.182032482
-6.451452822,0.678644121,0.774045168,-1.213024008
-4.290366798,1.611887152,1.668106642,-0.194633408
-3.796883767,1.127198698,1.331866412,-1.73694677
-4.734192114,1.118097335,1.306080898,-1.623389378
-6.394453117,0.872756866,0.852761446,-1.679696706
-5.575918742,0.522448894,0.966470334,-1.395688341
-6.415132201,0.776028499,0.301690647,-0.265853063
-7.067123312,0.022159131,0.487314467,-0.0002214
-6.069881669,0.62597156,-0.672031575,-0.467606348
-5.968113661,0.823259034,-0.857476143,-0.344140557
-5.084071097,0.489647537,1.19084576,-0.410221143
-5.617645028,0.43286564,0.685871025,-0.252055705
-4.967891064,0.37417335,1.219761241,0.067465035
-7.369005069,0.868588649,-0.199615455,-0.186544351
-6.371149393,0.044233013,0.52246591,-1.115385945
-5.734558613,1.237167661,-0.377827777,-0.933339916
-5.544828543,1.419232453,-0.142289602,-1.193901239
-5.26080151,1.748306051,-0.058376199,-1.266218303
-7.120235419,1.304236117,-0.340721936,-1.379736633
-6.609239552,1.802493663,0.26825371,-1.202024297
-7.115100171,1.769970884,-0.309902463,-1.245478854
-5.266432845,1.565094016,-0.183145581,-1.450257185
-7.410205407,1.339564102,0.650769094,-2.253593837
-5.756667091,0.691401738,1.556640782,-0.894841903
-8.282683528,0.974876707,2.179696512,-0.814559415
-8.095275387,0.471707933,1.664282252,-0.976882797
-4.11783514,1.03082215,1.400067153,-0.578563863
-5.516793876,0.483063177,1.389057557,-0.669189334
-7.827257532,0.068675926,1.100485336,-1.393609843
-5.317432771,-0.312517732,-0.510842227,-0.305888142
-6.697887425,1.152866322,0.365383557,-0.884755983
-7.693667398,0.397949817,0.183615924,-0.847821889
-5.772043695,0.686915765,1.71433129,-0.916274831
-8.049912141,1.329834565,0.92991555,-1.340563638
-7.835443562,1.523793654,0.208375273,-1.400306852
-8.708341287,1.183629741,1.116559712,-1.194961176
-7.157518528,1.713832025,0.051100546,-0.911879808
-8.523811866,0.554537272,0.873971341,-0.782444102
-7.738925847,0.370770031,0.869805042,-0.590023238
-10.67259068,-0.029823843,0.003090933,-0.951757048
-8.02538383,0.507089218,-0.022957313,-0.981578388
-9.035427884,0.22771002,0.407106548,-1.814433564
-9.185540192,0.128010759,0.584561441,-1.683895211
-9.048649656,0.134905771,0.786940711,-1.743912029
-9.680966679,0.137325685,0.673304322,-1.799528036
-9.786205834,0.41630906,0.216078909,-1.899962702
-8.133031848,1.630560127,1.893619066,-1.735204587
-5.76559548,1.097930828,1.680440381,-0.028923096
-7.704617773,0.0328029,0.038352103,-1.640735087
-0.997055304,1.587832153,0.778313854,-0.195594024
-4.507522443,1.302980531,1.575898319,0.309814416
-3.401467479,0.637346964,0.917707539,0.388280437
-2.718619241,-0.080108293,0.608537401,-1.055215017
-2.742617247,0.75341006,0.002606166,0.200394326
-2.510274139,-0.339153834,0.343132735,-1.159534038
-1.813934079,0.889667695,0.958635042,0.165510341
-3.010329135,1.026051062,1.595844913,-0.478862514
-0.992637423,0.599266783,0.196342969,-0.421628635
-2.209640553,0.437404097,1.916129377,0.410000712
-2.820639409,-0.855300841,0.840200599,-0.488381068
-0.749176439,0.557402596,1.287300421,-0.900976077
-1.659493058,2.120654784,1.940717307,0.264211047
-3.418414968,0.021477711,2.245355247,-0.216243222
-3.04189935,0.795995252,1.585337618,0.347571917
-2.020828498,0.916131431,0.872079462,0.029540863
-1.859887483,1.11122155,0.520365616,-0.430902368
-4.212561235,0.612779797,1.360317571,-0.279821733
-4.332274284,0.554209133,1.688481143,0.756438455
-2.556425668,0.930689078,2.39328384,-0.167615846
-1.181412995,0.054149494,0.035461022,-0.026378377
-2.055668921,0.574829929,0.374033922,-0.017461959
-4.05447891,1.256270015,0.926202818,-0.123717039
-3.93449466,0.301816749,1.757343739,-1.114403173
-2.954909317,-0.320815186,1.718434815,0.090788587
-3.32500794,-0.532389766,-0.244979492,1.020404055
-6.281334463,-0.603774442,1.647350195,0.042804689
-5.441637148,-1.222645206,3.054636231,0.622867841
-7.793236833,-1.432039128,2.378285744,0.66264327
-6.517628569,-1.544661943,2.032483292,-0.339778926
-6.144678134,-1.342168011,1.979670482,-0.175611961
-5.841517059,0.190045364,1.524809038,0.176997824
-6.747096495,-1.083801937,0.835838991,0.200875077
-7.935390125,0.236971069,2.274656375,-0.161274621
-7.468764253,-0.966263218,1.134051959,0.305237191
-3.381229096,-0.012013764,1.233694965,1.375932742
-0.550668145,0.033321334,2.059809131,-0.659528621
-3.388152037,3.255224414,2.25064788,-0.955573805
-1.128613017,0.814484322,-0.628679513,-0.059789548
-4.666181651,0.807291126,-0.175925899,1.377183653
-1.190456328,-0.22552994,1.273825019,-0.032540296
-2.458258373,1.225067046,0.728773986,0.046937521
-4.05106895,1.127074816,0.948498172,-0.054710277
-2.643546646,-0.239871657,0.191173054,-0.282207097
-2.83023163,0.037144364,1.224920321,0.432930102
-3.155548045,-0.120850925,1.389215617,0.670173429
-0.90041018,0.456678567,0.859383062,0.23116577
-7.664945772,1.085620224,0.979977529,0.804333796
-4.012532908,1.247977563,0.926813123,0.007589592
-3.375756716,1.32581189,-0.393100384,-0.599573144
-5.948814473,2.451421704,1.391323521,0.870283291
-4.00842685,0.492884995,-0.241991374,0.298482385
-2.232771279,0.83253458,0.942366199,0.544337575
-2.704603984,0.386436389,-0.206001695,0.58710462
-6.484384169,-1.070326642,2.392894494,-1.409026535
-8.923375355,0.564170788,2.141926072,1.02566853
-6.650568071,0.745873787,1.962072212,1.097125068
-7.531392745,-0.52852417,2.032599383,0.682116078
-9.241446557,0.944522521,2.898390501,0.185129625
-4.998526351,0.899482641,1.093775078,0.87659818
-7.178896375,0.11228547,1.828569304,0.787714399
-6.838570921,0.335107013,3.824632299,0.824247389
-7.9189187,-0.448278841,2.037744655,0.696022692
-7.66960409,-0.9812869,2.431566048,0.866955017
-8.072948238,0.451178316,3.23535409,1.395191992
-8.317840687,0.833748442,2.245163783,0.922226816
-1.377524058,1.28111836,0.770461727,0.660225344
-5.297244501,0.797116631,0.514309995,0.260392953
-5.539196528,2.395945526,1.741553802,0.858637977
-3.276793829,-1.238267462,-0.15354315,1.296051997
-1.677101531,-0.413127984,1.177416019,0.474706668
-4.358865209,0.851788927,-0.372768259,0.775775039
-5.144827519,1.04541486,0.05290859,0.559705368
-4.067231385,1.699008835,-0.160226453,0.906847188
-2.988105292,1.516264962,1.063785844,1.133682137
-2.93076024,2.081806912,0.94572754,0.479731579
-1.450601772,1.655174298,3.039940279,0.689580897
-2.477652158,1.585432241,3.868302089,0.525897952
-2.217057986,0.880474089,2.749559016,0.032929499
-2.974225368,0.584409177,1.525341434,0.375653574
-4.327595254,-0.527178824,1.808875381,0.73035112
-0.523358326,0.074359223,0.547697211,0.815436496
-2.729276195,0.57538307,0.064020614,0.468413765
-5.401380417,2.068152671,1.202527018,0.892943023
-2.782823768,0.471779591,2.03915238,0.03746667
-3.484238279,0.567200045,2.372784808,0.166853679
-5.141819731,0.136648328,2.62453591,0.68004142
-3.082325254,0.793437521,1.629923634,0.535175091
-1.617992727,0.696700898,1.521160887,0.233542038
-1.227326069,1.822784361,-0.023464372,0.299550495
-6.584775807,0.993983237,-0.041101868,0.198209832
-5.437623401,2.054598385,0.390436367,0.157606208
-1.199763039,1.317736908,0.279545854,0.21766947
-2.868481373,1.084182653,0.755173447,0.086077665
-1.743951442,2.109113716,2.146424299,0.405552568
-2.669234241,2.442157328,1.243431234,0.715599426
-0.621736981,1.643692997,0.88784444,0.828950317
-2.651340236,1.952756396,1.614649379,0.34968115
-5.249063673,1.862108218,2.061588956,-0.029511204
-3.607986935,1.261428464,1.365651869,0.020629601
-4.530049229,1.957092107,2.8964018,-0.095746273
-2.795457007,1.869239872,1.173110243,0.71891579
-1.02980855,3.049663452,0.419400799,1.385281649
-2.182862137,0.628723105,1.318924641,0.213358068
-4.600962802,1.083505214,1.971951596,-0.440500918
-3.341477949,1.608885337,2.921259631,-0.598535189
-3.422155346,1.501132458,3.393927525,-0.271930323
-2.648373685,1.22290232,1.96313033,0.252339437
-3.31788881,1.472154795,-1.228698509,0.78292135
-3.130101071,0.155861926,-0.144095317,-0.251335634
-2.681360791,0.4125768,0.248829822,-0.15382122
-8.334695734,0.953272909,-0.219933822,0.722257922
-5.236286987,0.73697832,-0.009498531,1.06421494
-6.962029936,0.173124322,1.008164192,1.129808512
-8.229693234,1.478878244,-0.599853597,1.094078019
-2.975654937,-0.324505594,-0.77566532,0.468477155
-7.429882139,1.035048846,-0.414693099,1.062939299
-6.7063338,-0.017301882,0.054087048,1.038952269
-7.473116616,-1.702668188,0.899449068,1.02665864
-6.352716523,-1.624809136,1.795036841,0.907745743
-6.548992854,-0.926209836,-0.292640314,1.491445187
-7.623869341,-1.342571955,0.897175397,0.643396933
-8.280054034,-0.561553325,1.591460582,0.791025933
-7.892008328,-1.666004693,1.172132695,-0.61267093
-7.412615735,-0.633769593,2.501928468,0.066417033
-6.47389244,-0.237409047,0.420801328,-0.484994689
-8.116924197,0.122138581,0.888477372,-0.030273492
-8.429814717,0.099472564,0.774260689,-0.611000035
-7.793757025,0.139234335,0.64409241,1.518520546
-7.681530839,-0.600722452,1.00761059,-0.312980794
-7.916857483,-0.951591524,1.133350867,-0.116528728
-7.468625231,-0.373053075,0.285551778,1.123149606
-5.490716237,-0.491935795,1.258558967,0.130106081
-3.977816403,-0.367865619,0.645965841,0.822650425
-6.304793262,-1.057106616,0.900797828,-1.12899165
-6.315099221,-0.677043345,1.474051586,-1.361882805
-6.239776554,-1.04472929,1.275682579,-1.070035673
-5.998149353,0.711128326,2.938689503,0.175327969
-5.631004249,0.950296168,3.000076248,1.099822982
-8.828171585,-1.371421529,2.082147372,0.882778906
-5.772099481,-1.00997921,0.758488155,1.910930735
-9.881007336,-0.145264334,-0.241816613,-0.350485414
-7.962508334,-0.543311001,2.961736175,0.817935333
-4.108455969,0.009501395,1.571860612,1.311286026
-7.491982936,-1.154847709,3.358527005,0.640479834
-8.978113905,-1.303011675,2.310141886,0.278488031
-8.695134236,-0.226720513,0.319644767,-0.326564773
-8.507514449,-2.027158393,2.79125922,0.028944378
-6.934896783,-1.192789147,1.182916804,-0.8511556
-7.846078926,-1.152047717,1.251841509,-0.686341459
-7.860814289,0.484072569,1.577951046,1.293947811
-4.205240352,0.414808225,-0.206894546,0.310860282
-2.518919802,0.076724494,0.863249171,0.855609665
-6.71754696,0.330318193,1.083461073,0.857196577
-8.357143884,0.27577261,2.527711721,0.286287378
-3.556485161,0.148392919,2.370973664,1.154379696
-9.467125038,-0.866407082,4.50096491,-1.137438262
-9.624966698,0.622548999,0.714709763,-0.414665634
-8.904794458,-1.313455951,3.756877471,-0.936507282
-9.958837478,1.589142239,2.906022571,0.590260321
-5.557278244,1.657832738,0.875229648,0.358117191
-6.814721526,2.140321415,0.861740159,-0.800655769
-5.259757397,2.471520523,1.772860301,-0.282037365
-4.910361547,2.623200177,1.542045014,-0.518459256
-5.139202743,2.222605308,1.114143885,-0.630221679
-6.380869016,2.180683567,1.827879377,0.837879627
-7.230089034,1.62854626,2.445982739,1.264666206
-6.442691824,2.780650971,1.728718101,-0.29648853
-7.443478346,1.927933298,0.270134284,-0.323845136
-7.73958679,1.936770546,0.369504661,-0.221750998
-5.494925065,1.568765367,1.306006059,-0.695651325
-4.954982927,1.113048805,1.27242872,0.503532088
-7.773079772,1.244635738,0.151091171,-0.145100139
-3.467364573,2.480545119,-0.428160133,0.681932295
-2.909291869,2.758408759,0.128131407,0.7984682
-4.261573784,3.790470661,1.002889472,0.878486892
-3.006934757,1.813676962,1.049112274,-0.177050499
-3.382767897,1.663168426,1.393635183,-0.028904077
-4.766186169,2.87094341,2.05116429,0.777485281
-5.792939714,3.092124707,2.44602382,0.618178977
-5.724283616,2.492762195,2.238289592,1.219778487
-4.48352194,2.640121735,2.377043116,1.078355027
-4.850968405,2.144303226,2.324356005,0.850568466
-3.695636157,2.175644709,4.273120779,0.310159158
-4.870944846,2.431599895,2.823169674,0.701134312
-7.59654093,1.96145307,2.441330723,0.497273604
-3.235531481,1.398121018,3.815837979,0.131512919
-3.049592726,2.229908933,4.466911698,0.574013497
-4.514078786,1.600637051,3.774191163,0.572730772
-3.344843924,1.651285248,3.779556271,0.778545568
-4.339270523,1.150243489,4.176250229,0.316206366
-3.318647278,0.905656586,4.565659722,0.560096353
-4.531354938,1.76828739,2.34602126,0.733324079
-5.938561697,1.745682013,2.309829148,1.084651494
-4.139937424,1.747676786,2.349914506,0.420366888
-3.39518742,1.752832395,2.856863548,0.848465025
-2.857396821,1.866114691,2.606934936,0.748214187
-6.368568548,2.749321243,2.01903976,0.903454941
-7.46789521,2.613002118,1.924817757,-0.062709481
-7.83320889,1.318666113,2.81880996,0.436603578
-6.248128332,1.708664791,1.434997218,0.245026502
-5.300447601,-0.461021323,1.279967868,0.88570864
-3.409932918,0.100155861,1.362722177,0.672492147
-4.562703195,-0.269832202,0.328327993,0.650805119
-5.808371525,0.795569076,-0.34440678,1.047829426
-4.885449941,0.521997154,0.734774887,0.57933437
-3.979171655,0.201355922,0.293904035,-0.002675088
-4.933588392,0.065835289,-0.287473927,-0.019870989
-3.098598961,0.509473447,0.372495197,-0.00134116
-3.040009842,-0.213812289,0.157001711,0.495276745
-3.196956795,-0.774956635,0.987684586,0.669920402
-3.74494233,-0.410121194,0.659728445,0.748702449
-4.115946684,-0.362159053,0.622871236,-0.216701732
-4.958996056,0.127723235,2.143945652,0.49551048
-5.736540023,0.176136011,1.742097491,0.731462254
-6.351952141,-0.043975682,-0.364345075,0.412098992
-2.437319093,0.414881228,0.446769534,0.564973559
-2.042713726,0.706458234,2.976692901,0.122811012
-2.719489378,0.667576208,2.639474609,0.694899162
-2.114734055,0.431887446,2.344986114,0.603498556
-2.152367742,0.106042001,1.882529948,0.78938895
-2.736908787,0.382263094,1.611688282,0.961488948
-2.68370243,-0.043388886,2.193112302,0.827526712
-3.195789858,-0.037701968,0.906290758,1.766120326
-3.171859752,-0.027523717,2.210196338,1.06993443
-2.96160764,0.026823269,2.13283018,1.024913339
-2.51374968,-0.24796506,3.413898791,0.973724676
-2.847746716,-0.599044272,2.626737253,0.835453159
-1.703774386,-0.304061332,2.386183744,1.330003718
-7.693762543,2.401365324,0.702017188,0.82003896
-7.002152515,0.92912682,1.27182261,1.202802991
-4.972771228,1.237590232,1.794520587,1.574980134
-8.020091889,1.539308496,2.091910194,1.129154355
-6.723211524,1.404557218,1.719443997,1.652879391
-8.955259035,1.298355513,1.335314165,1.176929528
-9.710378162,1.706672262,2.425659122,1.877458377
-8.784339996,1.275589879,0.970824487,1.410265895
-7.7983341,1.032742118,1.643017072,1.890594106
-7.480889489,1.439761418,1.800979214,1.681102819
-6.661954423,1.784970515,2.433574843,1.82455687
-6.819323409,1.48854331,2.643297268,0.65350558
-3.972384595,0.626716133,1.748485848,0.776626145
-5.738249445,1.365317638,1.578538805,1.031015998
-5.745795017,1.664014622,2.616547394,1.295476213
-5.812080812,0.576334317,0.673230399,1.236840352
-6.70408529,1.408004233,1.630090778,0.308877451
-6.361529446,1.678384237,2.298509838,0.345427084
-4.815570983,1.431194311,2.348533121,1.50021338
-5.722436034,0.8464043,2.183135016,1.363012086
-5.491569368,1.021423855,1.851859363,1.333724293
-6.414150662,1.100347318,2.018345952,1.374186164
-3.481163094,0.326229383,1.225489521,0.475610842
-3.700256901,-0.868975394,1.370250007,0.718288246
-2.85109588,-0.444798693,0.707043508,-0.011610333
-3.404250184,-0.075913299,0.014236756,-0.405434157
-3.226934421,-0.796818876,-0.455402701,0.010127715
-4.38878594,0.558404104,1.428632593,0.575780474
-3.772197908,0.734909157,1.661333232,0.650051848
-3.604540101,0.407155788,1.355121755,0.449191105
-4.854205221,0.242150786,1.752350064,-0.306167083
-5.269036218,0.490393445,1.89169571,-0.955433069
-5.736709407,-0.836600894,1.785192684,-1.209463281
-4.141302481,-0.3910879,1.165653634,-0.902813314
-6.798308904,-0.122112304,-0.186703384,-0.395571983
-3.407570162,-0.966666418,0.105270284,0.25461171
-4.424223668,-0.032527235,0.506215597,-0.107991363
-3.739186498,0.218227452,0.674741404,-0.167847085
-3.940973656,0.691854258,0.679074973,-0.671257596
-1.178723877,0.992444342,1.611843418,-0.279245577
-4.711409303,0.546812561,0.248986543,-1.102601135
-4.633828169,-0.089740174,4.61320113775976e-06,-0.925974341
-5.165801762,-1.091759251,-1.743587429,-1.893685505
-6.139036616,0.417879488,0.389988636,0.243538172
-3.494282939,0.90012951,1.206970388,-0.140471102
-4.513853594,-0.579538104,0.040954854,-0.08957317
-2.697620819,0.77381051,0.632866822,1.145673227
-2.916953261,-0.905338729,0.202461434,0.789570518
-2.158875741,-1.588995409,1.601280403,0.288066253
-4.459475997,-2.405869164,1.334278528,0.073571443
-6.575031876,-0.868718828,1.800271975,-0.959674993
-6.589341034,-2.348922889,-0.08621309,0.471150621
-6.375691817,-1.462227071,1.445034384,-0.113288626
-7.392558823,-1.288402583,2.313355347,-0.590598594
-4.807484681,0.149555275,1.498581847,0.115334911
-3.654362552,-0.454331762,1.456103084,0.76475178
-2.547501422,0.403482703,1.598890251,0.248444252
-5.073300085,-0.065003879,1.525003131,-0.312936321
-3.454899713,-0.540475904,1.074101687,1.176573483
-6.479357797,0.0509375,0.52826085,-0.072323712
-4.378085968,0.248707606,0.944872722,-0.732130666
-2.660473055,0.590659,2.367125493,-0.324396848
-5.408749096,0.411552352,-0.795680794,-0.527322209
-0.813386496,-0.104082283,-0.337614318,2.121706312
-4.336516493,0.079254049,0.255951828,-0.223631791
-4.169488447,-0.741983817,0.49925577,1.016687411
-4.45213525,-0.703238231,0.808256758,0.600960968
-3.922133532,-0.016380546,0.330321536,0.027404203
-3.176434598,-0.794832771,1.843384886,1.143125505
-2.735144745,-0.173683275,0.708603423,0.31585004
-4.534795184,-0.765380066,2.59547061,1.001810845
-3.207242436,0.299523823,1.331883968,0.122628161
-5.111129415,0.503618394,0.959235559,1.268511187
-5.514276611,-0.860579034,2.0913359,0.366919601
-1.694675583,1.665023896,-1.506358859,-0.181665435
-2.489246444,1.76728282,-1.481157587,1.447899753
-5.031501629,1.763717961,-2.149537965,0.580046372
-4.373244237,-0.292492225,1.188828649,-0.480251809
-4.162193625,-0.118443427,-0.127953385,-0.337525441
-3.862828985,-0.464484764,-0.339415355,1.229407091
-6.43332631,-1.247589985,-0.241128457,0.005355452
-0.468128033,-1.714569744,0.958449324,1.442936727
-1.613816123,-0.716385442,0.601738526,0.97889625
-1.511051784,-0.740700348,0.336001463,0.75374383
1.903755265,-1.493367032,1.873889791,0.609511046
-1.179468827,-0.433743353,2.398445165,0.689828782
-1.953804079,-2.275153983,1.401263105,0.128906173
-1.150000641,-2.182662928,2.709136119,0.849712163
-1.193879435,-2.077782525,2.744657285,0.748024868
-1.305055761,-1.622021012,3.041172833,0.29123928
0.034641083,-2.465821826,0.462878083,1.364682037
-1.083690002,-1.389762885,1.056047906,0.916454427
-2.606012666,-0.973898673,0.133465998,-0.117443025
0.662450066,-2.50222614,1.191446437,1.234877955
-0.36809541,-0.5547568,2.453212319,0.225351226
-0.405718473,-0.08122686,2.618353022,-0.193433638
-2.092464245,-0.983361977,1.218168927,0.12993659
-0.407956447,-2.230473564,0.855317822,0.96551907
-2.690963954,-1.061150961,1.068576788,0.005427223
-3.147007575,-1.735627239,3.097276005,0.27098272
-1.267378497,-2.144326352,-0.143187598,0.594607389
-4.918274313,-1.998138541,0.687393737,0.708574886
-4.224735351,-1.556745953,0.847558854,0.942235848
-3.776733259,-2.5857414,0.034422963,1.088894239
-2.418891448,-1.771116906,0.507179979,0.696416255
-2.645944021,-1.728664886,0.64118444,0.434963108
-4.748258536,-1.354441316,-0.308582616,0.614754823
0.222436184,-2.891728081,1.3185039,1.607646915
-0.220831256,-2.711100427,1.173378387,1.660206871
0.11347735,-2.80962122,1.109260437,1.649267519
0.261787992,-2.739252353,1.026981332,1.650010916
0.775124467,-3.004856006,0.956844608,1.7814345
0.565515154,-2.740221211,0.943513338,1.882952645
-0.805713211,-2.542303545,1.047373331,1.521703921
-0.24091733,-2.678709637,1.227233473,1.695999536
-0.968066526,-1.345408377,2.143667923,1.43353248
-1.78168566,-2.339728309,2.449332524,0.867930873
-2.380952417,-2.68447254,2.292370179,1.42115371
-1.545008713,-2.176371499,0.681352027,1.173154347
-3.210004367,-1.971412049,0.206047371,1.658693675
-2.172387949,-2.735821725,0.785816601,1.075219723
-3.15283467,-2.94815551,0.845457615,1.188429189
-1.389515542,-1.652579592,1.971330369,1.289077646
-2.917308825,-1.270226224,0.923558186,1.791077581
-1.535676703,-1.032886923,0.686903076,2.122882104
-1.494955372,-1.573716375,1.478996454,0.8161726
-0.757031245,-2.513421947,1.41570286,1.575411281
-1.66638679,-2.440832246,0.53150524,1.290841864
-1.013605839,-2.490560208,0.803205004,1.097770159
-3.00970493,-1.972967825,1.122167845,1.956753255
-1.21338287,-1.921691632,0.7432451,0.447393587
-3.514840834,-1.983322697,1.286563059,1.455123521
-0.962383425,-1.966517273,0.126703865,0.870439533
-1.431591983,-1.792059242,0.827668995,1.057060718
-0.539459466,-0.80237401,0.849004146,1.294443309
-0.948407203,-1.539116211,0.642813296,1.483573136
-2.442406466,-1.2821487,1.093205217,1.119083014
-4.063703757,-1.714843063,0.189770652,1.841598655
-0.182513926,-2.025283654,2.071159585,-0.938343477
0.600418746,-3.105211661,0.038011658,0.106696703
-3.051262382,-2.62041298,0.646025112,0.793839535
-0.505654895,-3.25874012,-0.400430458,0.257589458
-2.916780166,-1.61928603,2.289899383,1.364651363
-1.159057542,-0.36778162,0.805576579,0.844102492
-0.473496299,-0.225092218,1.861895739,1.11578447
0.535050355,-0.740609558,2.396186355,0.883943726
-0.42795932,-2.011450731,1.278057188,0.095855317
-1.25524727,-0.89558338,2.622286011,0.1527492
-1.598915676,-3.375481667,-1.153550622,-0.59732322
-1.666591047,-1.344228137,1.369724971,0.126884166
0.496749223,-3.321253095,1.192552976,1.085815362
-0.821569641,-3.576300929,0.185654447,1.180050999
0.436662214,-2.852642269,0.971786129,0.734615503
0.424090768,-2.94816532,0.960400347,0.782038215
4.036494684,-1.363680252,0.648245315,0.500725627
-2.227549732,-2.76777247,1.525090784,0.32783661
-2.596596302,-3.848876147,2.006605271,-0.007455559
-2.731959384,-3.89146687,2.093636163,0.337164592
-2.896509923,-3.916556258,1.875710298,0.306748627
-2.440214148,-4.306071064,2.363939646,0.135648396
-3.361425677,-3.626206857,2.135789419,0.289131421
-2.622846131,-3.5292143,1.674256664,0.454939939
-3.037660453,-3.061492383,1.857550678,0.611109488
-1.93428832,-2.283948667,0.731584483,0.297781555
-3.194708764,-3.288906477,1.496911297,0.454723434
1.396368519,-3.08319148,0.475783873,0.200362475
-1.103880429,-0.457779058,1.949462616,0.513806054
1.817237317,-1.994426432,1.135308162,1.452547199
0.956117982,-0.613374174,2.380264702,0.919887881
-1.234025851,-1.777501724,2.165738043,0.413076518
-0.846948743,-2.080282807,1.741771452,0.657377042
-0.600078172,-0.083832398,1.189129973,0.686746747
-0.558440269,-2.238819671,0.146048097,0.964266378
-1.592271847,-0.873268754,0.583458869,1.128397939
-2.635948601,-1.62716006,2.543522345,0.541364603
-1.754043166,-0.631650711,2.093496746,1.518046727
-1.726518743,-1.245827174,1.626985729,1.070053244
-2.558716344,-1.440172292,-0.812972295,0.780572704
-2.410798446,-1.964296642,0.089637833,0.993113139
-2.494325843,-0.837895752,0.022819784,0.343075558
-3.11500489,-1.304663204,0.453165505,1.034363686
-4.247686883,-0.301741657,1.476221607,1.721803085
-6.902215935,-1.007192945,1.167034657,1.445284454
-5.379368779,-2.291457865,2.84416833,1.158733432
-5.609294948,-1.357186917,2.596712318,1.006417711
-4.058998956,-2.740333203,1.798859001,1.59562339
-1.614827412,-1.536202348,-0.061361262,0.657806095
-4.641050853,-0.128935689,0.640158611,0.549411047
-0.602577205,-1.664343856,0.157638979,0.778564456
-2.756227075,-1.085862678,1.057094598,0.266173699
-2.999869003,-2.670147356,-0.793124879,0.995413113
-2.031309515,-2.375192308,1.517378516,1.213484478
-2.43256248,-1.899349425,1.362654255,0.92625862
-1.746456539,-1.401696979,1.24175892,0.073465416
-3.646387581,-1.317928407,1.207638904,1.120639583
-2.707659517,-0.927200544,0.959996049,0.262665383
-2.425643437,-1.089198518,2.090306003,-0.160967758
-1.146755556,-1.542481945,1.574120265,-0.348739017
-1.755169938,-1.294491473,1.202415329,0.377987151
-3.850434868,-1.301368242,1.265511686,0.468913424
-3.513179647,-1.336593511,1.208194703,0.534262361
-3.243461969,-1.519725628,1.205011922,0.366931281
-3.751248327,-1.230277843,1.449274466,0.417810365
-0.477912377,-1.060716111,1.238087158,1.263643075
0.187401971,-1.429932709,1.878956184,0.983411663
0.49993001,-1.42699228,0.750093362,0.701972723
-0.260303807,-1.757950224,2.950691778,0.311205813
-1.438728644,-2.19552032,1.816955965,0.077781242
-0.549112904,-2.622468781,1.169050839,-0.009029345
2.469566551,-1.980489263,1.036469068,1.029278802
-0.485202428,-3.036738629,1.154357016,0.688883266
-2.44771903,-1.2140114,0.793522305,-0.201283115
2.303093004,-2.164915474,1.500332337,0.364569262
2.468574763,-2.325669946,-0.424267046,0.098948464
-1.167161333,-1.112278862,1.385262114,0.767540653
-2.159558178,-1.316055076,0.58811882,1.07201157
-0.37629006,-2.228252375,1.230591571,0.491414286
-1.253004436,-1.467094961,1.167471631,1.106479936
0.887030747,-0.988827158,1.87368893,0.592747608
-0.117936205,-1.054155118,2.217522414,0.492580818
-0.233526229,-1.158459913,1.612487811,0.819156654
1.165243026,-0.925713766,-0.050115873,0.501181826
0.511675056,-1.243403637,1.067721537,1.090249504
0.140660437,-2.109360752,1.461149459,0.27606087
-0.651917282,-1.636145923,1.996897174,-0.091258113
-0.367217486,-1.506172873,2.349467338,-0.554178112
-1.94958552,-1.741250561,1.792301926,-0.023331961
-3.066131148,-1.213249929,2.174327346,0.090741087
0.435153742,0.13017543,0.835750763,-0.125681266
-2.085678389,0.173572061,0.728782676,0.557146494
0.317162727,-0.051295227,-0.362451231,-0.000378476
-1.219726109,-0.068717096,1.08738569,0.336618595
-1.036306761,-2.232517451,0.861663704,-0.649545795
-1.861600525,-1.70058632,1.204001813,-0.18285775
-1.648504917,-2.177476235,2.03853658,0.972240343
-3.765174827,-0.767154118,0.402998358,0.849335919
-2.217898872,-1.04182021,2.167040535,-0.3110528
-5.004481168,-1.043330827,0.904860764,-0.19182978
-4.546398314,-1.115613395,0.313409229,0.461972877
-2.64084805,-0.740758308,1.223124177,-0.22736487
0.303991059,-1.486914207,1.251447448,-0.559660887
-1.202715766,-1.205355633,2.990089373,1.194564618
-1.655895316,-0.562894911,2.695907612,-0.028008017
-2.37374533,-1.929756513,1.308554345,0.626461675
-3.282973408,-1.004795532,0.679391361,0.366321215
-1.068096388,-1.756315954,0.76181337,0.73081848
-1.465796444,-2.4825404,1.125265477,0.732709121
-3.080220624,-1.778717146,0.841996054,1.052997387
-2.849824431,-1.118986516,0.801444228,0.642207748
-4.957826378,-2.414870228,0.634992547,1.272734378
-4.787813986,-1.730774562,1.735593835,0.842410677
-2.416526544,-1.147977741,0.636164727,-0.165547894
-4.28693942,-0.747059022,1.526819555,0.089838125
1.257379897,-1.280650562,2.176171307,0.167832812
0.521291702,-1.639610902,1.846275191,0.309042251
-2.630344238,-1.844387667,1.328866497,-0.044356695
-2.408918252,-2.369719776,-0.040376658,-0.068190792
1.026962652,-1.935165553,1.229941614,-0.008273392
-2.513953092,-0.880254958,0.304002025,0.300981698
-1.229590411,-2.140552749,0.10783616,0.493997828
2.998004412,-1.500712373,1.301564232,1.030717106
-2.90073928,-2.745713551,2.718956288,1.11206621
-2.717487216,-1.830687865,2.432058974,0.968934268
-0.881009948,-2.30907251,1.241422625,0.785660952
-1.984475917,-1.236240187,1.689730159,1.644047193
-2.203406708,-0.68476292,1.911656387,1.390443191
-1.360756406,-0.913148406,1.561007884,1.317166943
0.453360854,-1.68912599,0.253132163,0.206893218
-3.928614503,-2.125160193,1.451107101,-0.066972073
1.001029777,-0.461758359,0.764180698,1.946360346
0.647261867,-0.377922024,0.445669034,2.031804286
-0.289658677,-2.192747074,2.950689155,1.424434325
-0.256333517,-2.107204059,3.090661513,1.301593274
-2.504304144,-1.19078995,2.066674572,-0.381046108
-3.199555539,-2.624635528,1.97541142,-0.547794139
1.060704235,-1.514744841,1.883114992,0.178971653
-1.116618697,-2.97224067,2.393254431,0.904683948
-1.221517169,-2.607502354,2.204348523,0.513959788
-1.613895185,-2.186420479,2.020506722,0.565104099
0.258778335,-1.227215981,2.399454848,0.769353763
0.624743256,-2.341411817,0.849983869,-0.337774573
-1.861997645,-2.06339243,2.321076878,1.064967044
-2.033825913,-2.085498563,1.342504895,1.015609264
-1.920958067,-2.532946459,1.923709956,0.960893439
-1.504945944,-2.29057815,0.769440589,1.013400645
-1.030507256,-2.381968355,1.609035468,0.859708197
0.078083624,-1.2813179,2.397951619,1.441531774
-0.523834686,-1.759688041,0.55850624,0.185699688
0.41542896,-2.366316866,-0.614927684,1.623404285
1.600943343,-0.510606284,-0.616790573,0.982021583
-3.40541515,-1.078154447,1.641836804,1.163095678
-2.265669518,-1.436991265,1.126719953,0.19593659
-3.309352049,-1.483274226,2.437247001,0.594178323
-4.22975745,-0.874500149,3.381656701,0.705236643
0.092805905,-1.462731694,1.424714742,0.687419788
0.397167339,-1.383175023,2.106572005,0.865627047
4.350775774,-0.988680108,2.492099163,1.145743771
3.942707111,-1.631530454,1.533413584,1.385690226
2.842616154,-1.00928025,1.261624238,2.128407546
-3.721513022,-2.209676317,0.404125016,0.402484315
-0.509933623,-1.788286382,0.122187072,0.644704754
-0.704760067,0.295095176,1.353502076,-0.429330336
0.244503326,-0.88807397,2.176070885,0.12172331
-2.482688134,-0.330276314,2.101363692,-0.422555497
-0.610735145,-0.719759234,0.942886481,0.797562171
-2.443848846,-3.412692038,3.616815068,-0.230796124
1.918579802,-4.739482876,1.643087994,1.093900765
-1.539932362,-2.491201548,1.878647448,1.667704807
-4.066739052,-3.025500564,3.711205928,1.249277415
-1.576098898,-2.535918309,2.359336859,1.090562882
-2.865897465,-2.64327703,3.482452306,1.406487658
-2.532239983,-2.668817432,2.483776086,0.982519257
-2.178786492,-2.750828763,3.234367032,0.620826223
-2.833901801,-3.368728028,4.40105329,-0.249289879
-1.759152671,-2.709927503,2.90053604,1.2280973
-3.438225815,-2.968310293,2.72870617,1.042094404
-4.456303802,-4.346547676,2.274720921,0.520689633
-0.705432879,-0.86690239,3.106681883,1.226804691
-1.854815556,-2.023701993,3.391550374,0.590264188
-1.537266451,-2.785719162,1.778648837,1.051436156
-3.653566187,-2.791284198,3.174951375,1.259099008
-4.778686282,-3.268235569,3.36912252,1.888051445
-4.949414881,-3.421205164,3.246363644,1.899919137
-4.340743597,-3.411525964,3.22009998,1.892163687
-0.465410049,-2.748101637,3.716243799,0.145066775
-1.526212033,-3.08841739,1.323347681,-0.086032656
1.098187559,-1.562830859,1.741304369,0.946281168
-0.805898779,-1.980131926,2.088581346,-0.634553593
1.159632636,-3.131963322,1.230485127,0.338133357
-5.162669694,-2.522555927,3.932310846,0.633632346
-2.461354423,-2.639515741,3.077220185,0.598470876
0.075467499,-3.108664388,2.165244208,2.095793854
-2.663665325,-2.65399286,2.704920268,1.153692025
-2.469520795,-3.538113775,3.09982457,0.892590013
-0.065971494,-1.999067138,3.6100253,1.056942047
-1.863450749,-2.170428625,3.885626532,1.916668384
-1.194847034,-1.701600653,4.33645849,1.647197477
1.21947303,-3.906513783,3.096583656,0.475527059
-2.123632559,-2.075882948,2.532535345,0.941609963
-3.47984319,-2.751090601,2.882421437,1.317433795
-0.854323033,-3.043260122,2.050713211,0.557020453
-2.690177984,-1.699304731,3.807661227,1.804756212
-3.857231131,-1.564262367,1.928814716,1.877848773
-0.001592056,-3.14462938,0.269164338,0.418506132
-2.6482488,-2.696121062,2.388430508,-0.55444075
-3.135141949,-2.205365648,2.581054614,0.372034311
-3.943563517,-2.188739634,2.117752021,0.047592819
-2.738150082,-3.163951037,1.319930449,0.106537667
-3.020577654,-2.515104808,2.207549405,0.258744741
-2.350155721,-1.89933224,1.675676865,0.242812892
0.15023758,-3.489919164,1.016553683,1.669154245
-1.564838145,-2.724577198,0.730895439,0.799573466
-1.549201015,-3.754639387,0.994398807,1.170570716
-2.370100561,-3.277859814,1.275886117,0.748904729
-0.779724683,-2.679662458,2.108894876,1.281340478
-0.419353508,-2.636299678,1.172037579,1.140392552
-4.139103798,-2.927689622,2.331276569,0.621631092
-1.677003787,-3.347244219,1.564972022,1.238404397
-1.612929012,-2.226688278,1.76047815,0.619240903
-3.769127654,-3.099969494,1.170394799,1.527347638
-4.466817417,-3.121798131,1.133965489,0.951154061
-2.051050414,-3.729902442,0.612438856,1.455417523
-3.215209239,-2.870397002,0.609255915,1.248643977
-2.465340021,-3.374618555,2.84363294,-0.283024117
-1.772410113,-2.320372828,1.741292992,1.227422336
-5.658666083,-1.775597244,2.220575488,0.692026568
-3.761428599,-2.567740458,0.740699967,1.062692206
-4.007020474,-1.855199745,1.836965005,0.232622939
-1.808549125,-2.551246285,1.557330665,0.31016946
-2.219867915,-2.892688063,1.172352698,1.110492394
-2.016085553,-3.015627207,0.578738553,0.278138195
-2.873356277,-3.157628716,1.944005349,1.144126144
-2.357683995,-1.556404339,2.532741499,1.059085826
-2.865401774,-3.115456714,1.388840336,1.030783009
-3.653248784,-3.565826978,1.934284884,-0.029560631
0.635143472,-2.54635008,3.11419134,0.457380524
-1.897682314,-2.047809005,2.476896279,0.432549907
0.230585039,-2.393654817,1.739305832,0.30559742
-0.647400982,-2.897211227,2.114334913,0.86552283
-2.75821311,-2.100459308,2.452998409,0.395058672
-2.746844646,-1.873523285,0.741169784,0.305857871
-1.863344163,-2.270546921,2.509554372,1.092559783
-2.482533618,-2.219665463,2.110907069,1.052156194
-1.770197614,-2.590639358,2.063981603,1.165132454
-0.879054034,-2.550177642,1.698749209,1.157527142
-2.830228038,-2.642936521,0.96001368,0.633722696
-4.229327482,-2.382141681,0.53499997,0.60606622
-2.308533179,-3.641393334,2.685646092,0.762678008
-2.28985835,-3.217229472,3.581906661,0.914267691
-2.075141094,-3.610848218,2.978543506,0.817712611
-2.352618343,-3.412700169,3.031332909,1.152245405
-0.171896147,-3.173021424,3.186346394,0.258577241
0.268009701,-2.491595959,3.844967712,0.641296118
-1.164195913,-2.892052284,3.46085999,-0.027876823
-2.139545827,-2.571939731,3.688673948,0.853211678
-2.001160983,-2.755504624,2.224988015,0.340798789
-2.005248603,-3.148264898,2.241297246,-0.203040964
-2.072391264,-3.015016106,2.616914285,0.575856184
-0.212734103,-3.099694237,2.729225013,0.260696372
-0.313532145,-2.844382114,3.312891384,1.051114186
-2.161578652,-1.334238831,2.32935287,0.239106808
-2.227947368,-2.490548365,3.45825062,0.693025975
0.010585683,-1.304431379,2.898342882,1.347337502
-0.294829265,-1.938660314,3.648722021,1.120916835
-0.72555015,-1.851718901,3.769238314,1.165726727
-0.681868628,-1.89563461,3.233050578,1.074367951
-0.335422856,-1.948309446,3.228246959,1.307481508
0.078594811,-1.500736134,3.277917547,1.731431221
-0.403903034,-1.935866051,2.755420822,1.623397138
0.296745527,-1.719164453,2.882243543,1.487622509
0.183916253,-1.609331625,3.033732264,1.77419613
0.108890422,-1.47375168,2.488913654,1.528521523
-0.157239323,-1.921853098,2.708493349,1.549443653
0.864468116,-2.134369243,3.840500691,1.639042278
-1.06483352,-1.405281303,3.502571152,1.558298003
0.952206099,-3.002078465,1.903396658,0.402535133
0.737348903,-2.080541921,2.812540794,1.934685188
-2.280453568,-1.873794623,3.864896991,1.134334338
-1.90437178,-3.206434545,2.899022976,1.692811723
-2.627508972,-2.470913495,4.492491359,1.879266498
-2.371886639,-2.315177547,2.255420046,0.869433161
-2.089959405,-2.467854711,0.561163056,0.904902039
0.716712629,-2.371580645,4.390773279,0.243083947
0.976741904,-2.057142884,1.857477887,0.085986825
-0.506555782,-2.438113962,2.929791485,0.577122491
-1.535608463,-1.994907159,3.266325421,0.384426805
-1.811754475,-2.529601298,2.738345033,0.242980393
-1.98448637,-2.927128135,2.280560711,0.964895342
-0.718647844,-4.380815482,1.437763236,0.195121916
-2.799564383,-3.0540569,2.624588263,0.734555266
-2.445771833,-3.273129837,2.370963836,1.133410027
-6.273956279,-3.468497454,2.627875244,1.469397759
-2.514547973,-1.141282837,2.506817503,1.515432804
-3.639373902,-1.304432728,1.170039414,0.940537399
-3.829508338,-1.068323817,2.121136466,0.098662991
-2.233075635,-2.553744314,0.293340251,1.739365702
-1.689059827,-2.585463224,0.905513985,1.615740848
-3.37334546,-2.36392807,0.082570783,1.676387284
-4.463313753,-2.337040529,2.494661201,1.013853986
-1.594412983,-1.732244925,2.538651645,0.218594246
-0.503485692,-1.647048772,2.625431005,-0.781212594
-0.066619978,-1.634842314,1.629337808,-0.028746066
-2.221991129,-1.417691277,2.340199461,-0.110786717
-3.259748516,-3.488466379,2.410261804,-0.209884249
-3.663944342,-2.895207068,1.513900441,-0.739775997
-5.406784008,-2.27303184,2.853310077,0.106271603
-4.367685276,-3.061064177,2.53826104,0.243740464
1.419156114,-2.912637191,3.539436552,1.403732411
-1.069156871,-2.181756612,1.887228424,1.005420571
-3.229899315,-2.584211821,1.5562504,0.214115588
-3.71391759,-2.60167065,1.026348628,0.502898185
-2.022991221,-2.975397904,1.630425509,0.871454939
-4.971469016,-1.864801577,1.548195965,0.063995709
0.425843654,-3.337277005,2.585648786,1.964977844
-0.790466215,-2.237896468,2.374399789,1.987450021
-3.153783207,-2.321401554,2.832221956,1.984393652
0.935892674,-1.623438786,2.775885152,0.436476688
0.360719691,-0.884896288,3.060114265,0.208730085
-1.842069179,-0.871786107,0.312342465,1.459718545
-0.189315332,-0.217201479,0.245063048,0.665166826
1.138047609,1.526477267,-0.280980565,0.366603339
-2.257964566,1.681849329,0.697716145,0.825745396
1.328898104,1.03311643,0.269935058,2.015752257
0.413656582,1.540602711,0.561191787,1.649797525
2.971008317,1.094042721,-0.159971169,1.65379379
0.140119639,1.622887444,0.848434481,0.630049662
0.150048617,1.767190603,-0.264762445,-0.404341789
3.225622249,1.597893032,0.921843489,1.223048358
-1.04584982,1.328676646,1.085094843,0.377910651
-0.468901351,3.094573567,0.338923194,1.484922146
-1.041870889,0.721728496,0.636665279,1.993222201
0.436597133,1.492385622,3.042599903,0.582862104
-1.148237104,1.7097459,1.765329493,0.795806529
0.927057364,0.951228354,0.03890427,0.105049777
0.460213484,1.491455502,2.102573487,1.718127874
-2.52367185,0.972333018,0.337220194,-0.310775574
-1.840431095,0.355503038,-0.076162386,-0.390763693
-1.507955085,1.113847927,0.881549333,1.184704979
-1.759015085,0.400387555,1.734806431,1.814822396
-0.474858039,2.006031427,2.09941272,1.278933058
2.517009284,2.293629309,2.064935874,1.30194587
-1.819342501,0.890110337,1.018451785,1.369203154
-1.740754382,0.732081631,1.685897045,1.391166139
2.280593775,2.108625761,0.418096371,0.478572434
-0.847150913,2.753710668,0.613712241,0.300389135
-1.396202516,2.439811877,0.713076649,2.432565398
-2.314851555,1.74277568,-0.871347554,-0.187626741
-1.01155858,2.096890658,1.329758414,1.535904885
-0.667293632,2.24186626,0.95924727,-0.626968725
2.988796225,0.642503271,-1.406181796,-0.423299205
2.513455479,0.437544528,-2.590850128,0.124378244
-1.32343824,-0.106596111,-2.913828412,0.499156919
1.779457715,0.952184743,-2.683245032,-0.766353443
1.443858614,1.640784767,-1.507835559,-0.691506018
4.27442709,1.068587666,-2.975676851,-0.628756092
3.088209764,1.678958323,0.08692942,1.326066439
0.27428545,2.313415633,-0.294264952,2.229919315